"id","geometry","bbox","names","version","updatetime","sources","categories","confidence","websites","socials","emails","phones","brand","addresses","type"
"268432420595229","00 00 00 00 01 c0 4a 57 6a 36 d5 7f 23 c0 3b 18 4d 21 1b 02 bb","{minx=-52.6829289, maxx=-52.6829289, miny=-27.0949269, maxy=-27.0949269}","{common=[{value=Atacadão Móveis Chapecó, language=local}], official=null, alternate=null, short=null}","0","2023-12-10T00:00:00.000","[{property=, dataset=meta, recordid=268432420595229, confidence=null}]","{main=furniture_store, alternate=[retail]}","0.7309875141884222",,"[https://www.facebook.com/268432420595229]",,"[+5549991804440]","{names={common=[{value=Atacadão Móveis Chapecó, language=local}], official=null, alternate=null, short=null}, wikidata=null}","[{freeform=Avenida Senador Atílio Fontana, 3634, locality=Chapecó, postcode=89809-506, region=SC, country=BR}]","place"
"290222816125570","00 00 00 00 01 c0 4a 57 3e 82 1b ce 93 c0 3b 18 44 24 f2 fe 90","{minx=-52.6815951, maxx=-52.6815951, miny=-27.0947898, maxy=-27.0947898}","{common=[{value=Mega Móveis, language=local}], official=null, alternate=null, short=null}","0","2023-12-10T00:00:00.000","[{property=, dataset=meta, recordid=290222816125570, confidence=null}]","{main=furniture_store, alternate=null}","0.7309875141884222",,"[https://www.facebook.com/290222816125570]",,"[+554933400606]","{names={common=[{value=Mega Móveis, language=local}], official=null, alternate=null, short=null}, wikidata=null}","[{freeform=Avenida Senador Atílio Fontana, 3459E, locality=Chapecó, postcode=89809-506, region=SC, country=BR}]","place"
"1693306737584367","00 00 00 00 01 c0 4a 57 37 2b e6 37 d8 c0 3b 18 4c ff 8d 13 79","{minx=-52.6813712, maxx=-52.6813712, miny=-27.0949249, maxy=-27.0949249}","{common=[{value=Universal EFAPI - SC, language=local}], official=null, alternate=null, short=null}","0","2023-12-10T00:00:00.000","[{property=, dataset=meta, recordid=1693306737584367, confidence=null}]","{main=church_cathedral, alternate=[religious_organization, community_services_non_profits]}","0.9380597014925374","[http://www.universal.org]","[https://www.facebook.com/1693306737584367]",,"[+551135733500]","{names={common=[{value=Universal, language=local}], official=null, alternate=null, short=null}, wikidata=null}","[{freeform=Avenida Senador Atílio Fontana, 3310, locality=Chapecó, postcode=89809-506, region=SC, country=BR}]","place"
"107128241181544","00 00 00 00 01 c0 4a 57 11 c6 d1 e1 09 c0 3b 18 43 80 88 50 9c","{minx=-52.68023, maxx=-52.68023, miny=-27.09478, maxy=-27.09478}","{common=[{value=Farmácia Preço Popular, language=local}], official=null, alternate=null, short=null}","0","2023-12-10T00:00:00.000","[{property=, dataset=meta, recordid=107128241181544, confidence=null}]","{main=pharmacy, alternate=[beauty_and_spa]}","0.7309875141884222",,"[https://www.facebook.com/107128241181544]",,"[+554933296796]","{names={common=[{value=Farmácia Preço Popular, language=local}], official=null, alternate=null, short=null}, wikidata=null}","[{freeform=Avenida Senador Atílio Fontana, 2722, locality=Chapecó, postcode=89809-506, region=SC, country=BR}]","place"
"107839881914273","00 00 00 00 01 c0 4a 53 d7 5e 20 46 c7 c0 3b 17 07 9e 59 f2 bb","{minx=-52.65501, maxx=-52.65501, miny=-27.08996, maxy=-27.08996}","{common=[{value=Rise Academy, language=local}], official=null, alternate=null, short=null}","0","2023-12-10T00:00:00.000","[{property=, dataset=meta, recordid=107839881914273, confidence=null}]","{main=active_life, alternate=[sports_club_and_league]}","0.7309875141884222","[https://www.riseacademy.com.br]","[https://www.facebook.com/107839881914273]",,"[+557191770450]","{names={common=[{value=Rise Academy, language=local}], official=null, alternate=null, short=null}, wikidata=null}","[{freeform=754, R. Sen. Ivo D'aquino, 678, locality=Chapecó, postcode=89809-170, region=SC, country=BR}]","place"
"103839427708442","00 00 00 00 01 c0 4a 51 c8 18 32 25 ed c0 3b 18 42 e6 2e 9d a2","{minx=-52.6389189, maxx=-52.6389189, miny=-27.0947708, maxy=-27.0947708}","{common=[{value=Havan, language=local}], official=null, alternate=null, short=null}","0","2023-12-10T00:00:00.000","[{property=, dataset=meta, recordid=103839427708442, confidence=null}]","{main=department_store, alternate=[shopping, bar]}","0.9380597014925374","[http://www.havan.com.br]","[https://www.facebook.com/103839427708442]",,"[+555533024365]","{names={common=[{value=Havan, language=local}], official=null, alternate=null, short=null}, wikidata=null}","[{freeform=Avenida São Pedro, 2242, locality=Chapecó, postcode=89803-401, region=SC, country=BR}]","place"
"149166438956463","00 00 00 00 01 c0 4a 51 a0 d2 72 fe fb c0 3b 18 3e 62 3b 5e 7b","{minx=-52.6377204, maxx=-52.6377204, miny=-27.0947019, maxy=-27.0947019}","{common=[{value=Shell, language=local}], official=null, alternate=null, short=null}","0","2023-12-10T00:00:00.000","[{property=, dataset=meta, recordid=149166438956463, confidence=null}]","{main=gas_station, alternate=[energy_company, car_wash]}","0.8240165631469979","[http://www.shell.com.br]","[https://www.facebook.com/149166438956463]",,"[+5546387281616]","{names={common=[{value=Shell, language=local}], official=null, alternate=null, short=null}, wikidata=null}","[{freeform=Avenida São Pedro, 2080, locality=Chapecó, postcode=89803-401, region=SC, country=BR}]","place"
"463002527852687","00 00 00 00 01 c0 4a 51 9e ed 96 70 f0 c0 3b 18 3c 42 a6 6d bd","{minx=-52.6376626, maxx=-52.6376626, miny=-27.0946695, maxy=-27.0946695}","{common=[{value=Bauer Postos, language=local}], official=null, alternate=null, short=null}","0","2023-12-10T00:00:00.000","[{property=, dataset=meta, recordid=463002527852687, confidence=null}]","{main=gas_station, alternate=[convenience_store, automotive_repair]}","0.9380597014925374",,"[https://www.facebook.com/463002527852687]",,"[+554933299734]","{names={common=[{value=Bauer Postos, language=local}], official=null, alternate=null, short=null}, wikidata=null}","[{freeform=Avenida São Pedro, 2080, locality=Chapecó, postcode=89803-401, region=SC, country=BR}]","place"
"106507151056515","00 00 00 00 01 c0 4a 51 7f 93 5e 16 36 c0 3b 17 ec 62 94 49 cf","{minx=-52.6367058, maxx=-52.6367058, miny=-27.0934507, maxy=-27.0934507}","{common=[{value=Fort Atacadista, language=local}], official=null, alternate=null, short=null}","0","2023-12-10T00:00:00.000","[{property=, dataset=meta, recordid=106507151056515, confidence=null}]","{main=superstore, alternate=[grocery_store, convenience_store]}","0.9380597014925374","[http://www.fortatacadista.com.br/]","[https://www.facebook.com/106507151056515]",,"[+554933113060]","{names={common=[{value=Fort Atacadista, language=local}], official=null, alternate=null, short=null}, wikidata=null}","[{freeform=Avenida São Pedro, 1968, locality=Chapecó, postcode=89803-401, region=SC, country=BR}]","place"
"113841677412393","00 00 00 00 01 c0 4a 51 4e e3 92 e1 ef c0 3b 18 31 26 e9 78 d5","{minx=-52.63522, maxx=-52.63522, miny=-27.0945, maxy=-27.0945}","{common=[{value=Farmácia SempreFort, language=local}], official=null, alternate=null, short=null}","0","2023-12-10T00:00:00.000","[{property=, dataset=meta, recordid=113841677412393, confidence=null}]","{main=pharmacy, alternate=null}","0.7309875141884222",,"[https://www.facebook.com/113841677412393]",,"[+554933113096]","{names={common=[{value=Farmácia SempreFort, language=local}], official=null, alternate=null, short=null}, wikidata=null}","[{freeform=Avenida São Pedro, 1896, locality=Chapecó, postcode=89803-402, region=SC, country=BR}]","place"
"353355948440346","00 00 00 00 01 c0 4a 50 6f 69 44 67 38 c0 3b 17 a0 f9 09 6b ba","{minx=-52.6284, maxx=-52.6284, miny=-27.0923, maxy=-27.0923}","{common=[{value=Coca-Cola, language=local}], official=null, alternate=null, short=null}","0","2023-12-10T00:00:00.000","[{property=, dataset=meta, recordid=353355948440346, confidence=null}]","{main=grocery_store, alternate=[eat_and_drink, health_food_store]}","0.5780346820809249","[http://www.cocacola.com.br]","[https://www.facebook.com/353355948440346]",,"[+558000212196]","{names={common=[{value=Coca-Cola, language=local}], official=null, alternate=null, short=null}, wikidata=null}","[{freeform=Rua Olavo Bilac, 1080, locality=Chapecó, postcode=89803-098, region=SC, country=BR}]","place"
"100576838992553","00 00 00 00 01 c0 4a 4f 4a 44 c7 b0 2d c0 3b 17 e4 3d 2b da 79","{minx=-52.619454, maxx=-52.619454, miny=-27.0933264, maxy=-27.0933264}","{common=[{value=The Best Açaí, language=local}], official=null, alternate=null, short=null}","0","2023-12-10T00:00:00.000","[{property=, dataset=meta, recordid=100576838992553, confidence=null}]","{main=ice_cream_shop, alternate=null}","0.9380597014925374","[https://www.deliverythebestacai.com.br/thebestchapeco]","[https://www.facebook.com/100576838992553]",,"[+554999479629]","{names={common=[{value=The Best Açaí, language=local}], official=null, alternate=null, short=null}, wikidata=null}","[{freeform=Avenida Fernando Machado, 1353D, locality=Chapecó, postcode=89802-112, region=SC, country=BR}]","place"
"295016607547170","00 00 00 00 01 c0 4a 4f 44 99 8d 04 60 c0 3b 17 f7 b0 a6 25 99","{minx=-52.619281, maxx=-52.619281, miny=-27.0936232, maxy=-27.0936232}","{common=[{value=Ipiranga, language=local}], official=null, alternate=null, short=null}","0","2023-12-10T00:00:00.000","[{property=, dataset=meta, recordid=295016607547170, confidence=null}]","{main=commercial_industrial, alternate=[gas_station, industrial_company]}","0.6390977443609023","[http://www.ipiranga.com.br]","[https://www.facebook.com/295016607547170]",,"[+551130033451]","{names={common=[{value=Ipiranga, language=local}], official=null, alternate=null, short=null}, wikidata=null}","[{freeform=Avenida Fernando Machado, 1985, locality=Chapecó, postcode=89802-112, region=SC, country=BR}]","place"
"105865765316770","00 00 00 00 01 c0 4a 4f 46 d9 02 65 35 c0 3b 17 f6 d9 e6 90 c3","{minx=-52.6193496, maxx=-52.6193496, miny=-27.0936104, maxy=-27.0936104}","{common=[{value=Shopping do Óleo Chapecó, language=local}], official=null, alternate=null, short=null}","0","2023-12-10T00:00:00.000","[{property=, dataset=meta, recordid=105865765316770, confidence=null}]","{main=automotive_repair, alternate=null}","0.6390977443609023",,"[https://www.facebook.com/105865765316770]",,"[+554999654600]","{names={common=[{value=Shopping do Óleo Chapecó, language=local}], official=null, alternate=null, short=null}, wikidata=null}","[{freeform=Avenida Fernando Machado, 1294D, locality=Chapecó, postcode=89802-112, region=SC, country=BR}]","place"
"105451454541491","00 00 00 00 01 c0 4a 4f 3b 10 77 46 88 c0 3b 18 4a b6 06 b7 aa","{minx=-52.61899, maxx=-52.61899, miny=-27.09489, maxy=-27.09489}","{common=[{value=Escola de Gastronomia Chef Gourmet., language=local}], official=null, alternate=null, short=null}","0","2023-12-10T00:00:00.000","[{property=, dataset=meta, recordid=105451454541491, confidence=null}]","{main=school, alternate=[fast_food_restaurant]}","0.9380597014925374","[https://escolachefgourmet.com.br/]","[https://www.facebook.com/105451454541491]",,"[+5549999523636]","{names={common=[{value=Escola Chef Gourmet, language=local}], official=null, alternate=null, short=null}, wikidata=null}","[{freeform=Avenida Fernando Machado, 1172, locality=Chapecó, postcode=89802-112, region=SC, country=BR}]","place"
"103327272263815","00 00 00 00 01 c0 4a 4f 3a a9 49 3a 06 c0 3b 18 26 91 64 40 f2","{minx=-52.6189777, maxx=-52.6189777, miny=-27.0943385, maxy=-27.0943385}","{common=[{value=Santa Maria Imóveis, language=local}], official=null, alternate=null, short=null}","0","2023-12-10T00:00:00.000","[{property=, dataset=meta, recordid=103327272263815, confidence=null}, {property=/properties/existence, dataset=msft, recordid=1407374890330632, confidence=null}]","{main=professional_services, alternate=[real_estate]}","0.9595238095238096","[https://santamaria.com.br/]","[https://www.facebook.com/103327272263815]",,"[+554933216000]","{names={common=[{value=Santa Maria Imóveis, language=local}], official=null, alternate=null, short=null}, wikidata=null}","[{freeform=Avenida Fernando Machado, 1230D, locality=Chapecó, postcode=89802-112, region=SC, country=BR}]","place"
"101038207223682","00 00 00 00 01 c0 4a 4f 2e 50 75 63 59 c0 3b 18 1f b8 2c 2b d8","{minx=-52.6186009, maxx=-52.6186009, miny=-27.094234, maxy=-27.094234}","{common=[{value=Oral Unic Chapecó, language=local}], official=null, alternate=null, short=null}","0","2023-12-10T00:00:00.000","[{property=, dataset=meta, recordid=101038207223682, confidence=null}]","{main=dentist, alternate=[health_and_medical]}","0.9380597014925374","[http://oralunicchapeco.com.br/]","[https://www.facebook.com/101038207223682]",,"[+554933288080]","{names={common=[{value=Oral Unic, language=local}], official=null, alternate=null, short=null}, wikidata=null}","[{freeform=Rua Rio de Janeiro, 130E, locality=Chapecó, postcode=89802-230, region=SC, country=BR}]","place"
"101708994982121","00 00 00 00 01 c0 4a 4f 03 65 e6 0d e6 c0 3b 18 41 71 ba 57 7f","{minx=-52.6172912, maxx=-52.6172912, miny=-27.0947486, maxy=-27.0947486}","{common=[{value=Mobylle Colchões, language=local}], official=null, alternate=null, short=null}","0","2023-12-10T00:00:00.000","[{property=, dataset=meta, recordid=101708994982121, confidence=null}]","{main=mattress_store, alternate=null}","0.7309875141884222",,"[https://www.facebook.com/101708994982121]",,"[+554933234693]","{names={common=[{value=Mobylle Colchões, language=local}], official=null, alternate=null, short=null}, wikidata=null}","[{freeform=Avenida Getúlio Dorneles Vargas, 1181N, locality=Chapecó, postcode=89802-001, region=SC, country=BR}]","place"
"105492067510435","00 00 00 00 01 c0 4a 4f 2c 3b c8 2d 2b c0 3b 17 d5 1c fd 66 c9","{minx=-52.6185374, maxx=-52.6185374, miny=-27.0930956, maxy=-27.0930956}","{common=[{value=HDI Seguros Brasil, language=local}], official=null, alternate=null, short=null}","0","2023-12-10T00:00:00.000","[{property=, dataset=meta, recordid=105492067510435, confidence=null}]","{main=insurance_agency, alternate=[automotive]}","0.6390977443609023","[http://www.hdiseguros.com.br]","[https://www.facebook.com/105492067510435]",,"[+554939051400]","{names={common=[{value=HDI Seguros Brasil, language=local}], official=null, alternate=null, short=null}, wikidata=null}","[{freeform=Rua São João, 108E, locality=Chapecó, postcode=89802-240, region=SC, country=BR}]","place"
"101826604762264","00 00 00 00 01 c0 4a 4f 1b 9f 98 b7 1c c0 3b 17 a2 12 e4 df 12","{minx=-52.6180305, maxx=-52.6180305, miny=-27.0923168, maxy=-27.0923168}","{common=[{value=Pizza Prime - Chapecó, language=local}], official=null, alternate=null, short=null}","0","2023-12-10T00:00:00.000","[{property=, dataset=meta, recordid=101826604762264, confidence=null}]","{main=pizza_restaurant, alternate=[fast_food_restaurant, professional_services]}","0.9380597014925374","[https://www.deliverypizzaprime.com.br/menu]","[https://www.facebook.com/101826604762264]",,"[+5549999543377]","{names={common=[{value=Pizza Prime - Tatuí SP, language=local}], official=null, alternate=null, short=null}, wikidata=null}","[{freeform=Avenida Getúlio Dorneles Vargas, 1443N, locality=Chapecó, postcode=89802-001, region=SC, country=BR}]","place"
"101574808846993","00 00 00 00 01 c0 4a 4e ca d8 00 06 b6 c0 3b 18 49 c7 ca 2e 8d","{minx=-52.6155653, maxx=-52.6155653, miny=-27.0948758, maxy=-27.0948758}","{common=[{value=SevenFit Suplementos Nutricionais Chapecó, language=local}], official=null, alternate=null, short=null}","0","2023-12-10T00:00:00.000","[{property=, dataset=meta, recordid=101574808846993, confidence=null}]","{main=vitamins_and_supplements, alternate=[sporting_goods, fashion]}","0.9380597014925374","[http://www.sevenfit.net/]","[https://www.facebook.com/101574808846993]",,"[+554920200113]","{names={common=[{value=SevenFit Suplementos Nutricionais, language=local}], official=null, alternate=null, short=null}, wikidata=null}","[{freeform=Rua Sete de Setembro, 153D, locality=Chapecó, postcode=89801-140, region=SC, country=BR}]","place"
"108370264940915","00 00 00 00 01 c0 4a 4e cb 20 24 62 b6 c0 3b 18 15 b6 4a aa 48","{minx=-52.6155739, maxx=-52.6155739, miny=-27.0940813, maxy=-27.0940813}","{common=[{value=Doberman Segurança Eletrônica, language=local}], official=null, alternate=null, short=null}","0","2023-12-10T00:00:00.000","[{property=, dataset=meta, recordid=108370264940915, confidence=null}]","{main=home_security, alternate=[professional_services, business_manufacturing_and_supply]}","0.6390977443609023",,"[https://www.facebook.com/108370264940915]",,"[+554933120000]","{names={common=[{value=Doberman Segurança Eletrônica, language=local}], official=null, alternate=null, short=null}, wikidata=null}","[{freeform=Rua Rio de Janeiro, 189, locality=Chapecó, postcode=89801-210, region=SC, country=BR}]","place"
"598254297354723","00 00 00 00 01 c0 4a 4e c7 b0 2d 59 d5 c0 3b 17 fb 7d ba 40 02","{minx=-52.615469, maxx=-52.615469, miny=-27.0936812, maxy=-27.0936812}","{common=[{value=Quiero Café, language=local}], official=null, alternate=null, short=null}","0","2023-12-10T00:00:00.000","[{property=, dataset=meta, recordid=598254297354723, confidence=null}]","{main=coffee_shop, alternate=[cafe, bar]}","0.9380597014925374","[http://www.quierocafe.com.br]","[https://www.facebook.com/598254297354723]",,"[+5549991055866]","{names={common=[{value=Quiero Café, language=local}], official=null, alternate=null, short=null}, wikidata=null}","[{freeform=Rua Rio de Janeiro, 189, locality=Chapecó, postcode=89801-210, region=SC, country=BR}]","place"
"721906794811788","00 00 00 00 01 c0 4a 4e c5 d2 dd 88 06 c0 3b 17 c1 0a 20 eb 32","{minx=-52.6154121, maxx=-52.6154121, miny=-27.0927893, maxy=-27.0927893}","{common=[{value=WikiMaki, language=local}], official=null, alternate=null, short=null}","0","2023-12-10T00:00:00.000","[{property=, dataset=meta, recordid=721906794811788, confidence=null}]","{main=sushi_restaurant, alternate=[fast_food_restaurant, restaurant]}","0.8240165631469979",,"[https://www.facebook.com/721906794811788]",,"[+558000063111]","{names={common=[{value=WikiMaki, language=local}], official=null, alternate=null, short=null}, wikidata=null}","[{freeform=Avenida Nereu Ramos, 1326, locality=Chapecó, postcode=89805-102, region=SC, country=BR}]","place"
"141506236405220","00 00 00 00 01 c0 4a 4e 92 f6 e8 29 4a c0 3b 17 e5 c9 1d 14 e4","{minx=-52.61386, maxx=-52.61386, miny=-27.09335, maxy=-27.09335}","{common=[{value=Morana Acessórios, language=local}], official=null, alternate=null, short=null}","0","2023-12-10T00:00:00.000","[{property=, dataset=meta, recordid=141506236405220, confidence=null}]","{main=fashion_accessories_store, alternate=[jewelry_store]}","0.5851272015655578",,"[https://www.facebook.com/141506236405220]",,"[+554933297938]","{names={common=[{value=Morana Acessórios, language=local}], official=null, alternate=null, short=null}, wikidata=null}","[{freeform=Rua Rio de Janeiro, 108, locality=Chapecó, postcode=89802-230, region=SC, country=BR}]","place"
"1351878694902971","00 00 00 00 01 c0 4a 4e 71 36 a4 00 fc c0 3b 18 2c 90 81 c2 e3","{minx=-52.61283, maxx=-52.61283, miny=-27.09443, maxy=-27.09443}","{common=[{value=ALT Telecom, language=local}], official=null, alternate=null, short=null}","0","2023-12-10T00:00:00.000","[{property=, dataset=meta, recordid=1351878694902971, confidence=null}]","{main=internet_service_provider, alternate=[telecommunications_company, television_service_providers]}","0.8240165631469979","[http://www.alt.net.br/]","[https://www.facebook.com/1351878694902971]",,"[+554933300200]","{names={common=[{value=ALT Telecom, language=local}], official=null, alternate=null, short=null}, wikidata=null}","[{freeform=Rua Sete de Setembro Edifício La Defense, Sala 04 Chapecó - SC, locality=Chapecó, postcode=89801-145, region=SC, country=BR}]","place"
"107190181522443","00 00 00 00 01 c0 4a 4e 31 2a 44 77 28 c0 3b 17 c3 ef ae 79 25","{minx=-52.6108754, maxx=-52.6108754, miny=-27.0928335, maxy=-27.0928335}","{common=[{value=Jack rex store, language=local}], official=null, alternate=null, short=null}","0","2023-12-10T00:00:00.000","[{property=, dataset=meta, recordid=107190181522443, confidence=null}]","{main=men's_clothing_store, alternate=[fashion_accessories_store]}","0.5851272015655578",,"[https://www.facebook.com/107190181522443]",,"[+5549999715381]","{names={common=[{value=Jack rex store, language=local}], official=null, alternate=null, short=null}, wikidata=null}","[{freeform=Rua Condá, 1200E, locality=Chapecó, postcode=89801-131, region=SC, country=BR}]","place"
"128163514578549","00 00 00 00 01 c0 4a 50 a4 2a ed 13 94 c0 3b 16 3d c4 86 ad 2e","{minx=-52.63001, maxx=-52.63001, miny=-27.08688, maxy=-27.08688}","{common=[{value=Coca-Cola, language=local}], official=null, alternate=null, short=null}","0","2023-12-10T00:00:00.000","[{property=, dataset=meta, recordid=128163514578549, confidence=null}]","{main=grocery_store, alternate=[eat_and_drink, vietnamese_restaurant]}","0.5780346820809249","[http://www.cocacola.com.br]","[https://www.facebook.com/128163514578549]",,"[+558000212196]","{names={common=[{value=Coca-Cola, language=local}], official=null, alternate=null, short=null}, wikidata=null}","[{freeform=Rua Osvaldo Cruz, 965, locality=Chapecó, postcode=89804-050, region=SC, country=BR}]","place"
"1349811878478205","00 00 00 00 01 c0 4a 50 29 ec 62 94 4a c0 3b 15 70 c8 bf f7 d2","{minx=-52.6262794, maxx=-52.6262794, miny=-27.0837522, maxy=-27.0837522}","{common=[{value=Coca-Cola, language=local}], official=null, alternate=null, short=null}","0","2023-12-10T00:00:00.000","[{property=, dataset=meta, recordid=1349811878478205, confidence=null}]","{main=grocery_store, alternate=[eat_and_drink, health_food_store]}","0.5780346820809249","[http://www.cocacola.com.br]","[https://www.facebook.com/1349811878478205]",,"[+558000212196]","{names={common=[{value=Coca-Cola, language=local}], official=null, alternate=null, short=null}, wikidata=null}","[{freeform=Rua Alberto Santos Dumont, 401, locality=Chapecó, postcode=89804-040, region=SC, country=BR}]","place"
"119738493201139","00 00 00 00 01 c0 4a 4f b2 aa e2 97 39 c0 3b 17 52 54 60 aa 65","{minx=-52.62264, maxx=-52.62264, miny=-27.0911, maxy=-27.0911}","{common=[{value=Pirelli, language=local}], official=null, alternate=null, short=null}","0","2023-12-10T00:00:00.000","[{property=, dataset=meta, recordid=119738493201139, confidence=null}]","{main=tire_dealer_and_repair, alternate=[bar]}","0.5780346820809249",,"[https://www.facebook.com/119738493201139]",,"[+4933312000]","{names={common=[{value=Pirelli, language=local}], official=null, alternate=null, short=null}, wikidata=null}","[{freeform=Rua João Martins, 671, locality=Chapecó, postcode=89803-040, region=SC, country=BR}]","place"
"100120748092009","00 00 00 00 01 c0 4a 4f 73 c0 c1 fc 8f c0 3b 17 78 78 b7 a1 c2","{minx=-52.62072, maxx=-52.62072, miny=-27.091682, maxy=-27.091682}","{common=[{value=Campneus, language=local}], official=null, alternate=null, short=null}","0","2023-12-10T00:00:00.000","[{property=, dataset=meta, recordid=100120748092009, confidence=null}]","{main=automotive_repair, alternate=[tire_dealer_and_repair, auto_company]}","0.5851272015655578",,"[https://www.facebook.com/100120748092009]",,"[+554933220019]","{names={common=[{value=Campneus, language=local}], official=null, alternate=null, short=null}, wikidata=null}","[{freeform=Rua Paulo Marques, 279, locality=Chapecó, postcode=89803-360, region=SC, country=BR}]","place"
"101570564633467","00 00 00 00 01 c0 4a 4f 62 9d 84 09 e5 c0 3b 17 77 18 65 51 93","{minx=-52.620197, maxx=-52.620197, miny=-27.091661, maxy=-27.091661}","{common=[{value=Copero 1903, language=local}], official=null, alternate=null, short=null}","0","2023-12-10T00:00:00.000","[{property=, dataset=meta, recordid=101570564633467, confidence=null}]","{main=burger_restaurant, alternate=[bar, restaurant]}","0.6390977443609023","[https://coperosteakburger.amo.delivery/]","[https://www.facebook.com/101570564633467]",,"[+5549984014988]","{names={common=[{value=Copero 1903, language=local}], official=null, alternate=null, short=null}, wikidata=null}","[{freeform=Avenida Fernando Machado, 1561, locality=Chapecó, postcode=89802-112, region=SC, country=BR}]","place"
"218426022140121","00 00 00 00 01 c0 4a 4f 65 88 1a 15 55 c0 3b 17 11 b6 0a e9 68","{minx=-52.620286, maxx=-52.620286, miny=-27.090114, maxy=-27.090114}","{common=[{value=Atacadão Móveis Chapecó, language=local}], official=null, alternate=null, short=null}","0","2023-12-10T00:00:00.000","[{property=, dataset=meta, recordid=218426022140121, confidence=null}]","{main=furniture_store, alternate=[retail, cinema]}","0.9380597014925374",,"[https://www.facebook.com/218426022140121]",,"[+5549991804440]","{names={common=[{value=Atacadão Móveis Chapecó, language=local}], official=null, alternate=null, short=null}, wikidata=null}","[{freeform=Avenida Fernando Machado, 1729, locality=Chapecó, postcode=89802-112, region=SC, country=BR}]","place"
"632504670705712","00 00 00 00 01 c0 4a 4f ad 64 51 b9 30 c0 3b 16 97 28 a6 11 77","{minx=-52.622479, maxx=-52.622479, miny=-27.088244, maxy=-27.088244}","{common=[{value=Irmãos Tolotti Mecânica e Chapeação, language=local}], official=null, alternate=null, short=null}","0","2023-12-10T00:00:00.000","[{property=, dataset=meta, recordid=632504670705712, confidence=null}]","{main=automotive_repair, alternate=[auto_company, auto_manufacturers_and_distributors]}","0.6390977443609023",,"[https://www.facebook.com/632504670705712]",,"[+554933225412]","{names={common=[{value=Irmãos Tolotti, language=local}], official=null, alternate=null, short=null}, wikidata=null}","[{freeform=Rua Imperatriz Leopoldina, 62E, locality=Chapecó, postcode=89803-060, region=SC, country=BR}]","place"
"1439752582773466","00 00 00 00 01 c0 4a 4f a1 51 f4 bf 5a c0 3b 16 a8 63 60 f8 68","{minx=-52.6221106, maxx=-52.6221106, miny=-27.0885069, maxy=-27.0885069}","{common=[{value=Joaçaba Pneus, language=local}], official=null, alternate=null, short=null}","0","2023-12-10T00:00:00.000","[{property=, dataset=meta, recordid=1439752582773466, confidence=null}]","{main=automotive_repair, alternate=[tire_dealer_and_repair, automotive_parts_and_accessories]}","0.9380597014925374","[http://www.joacabapneus.com.br]","[https://www.facebook.com/1439752582773466]",,"[+554933312000]","{names={common=[{value=Joaçaba Pneus, language=local}], official=null, alternate=null, short=null}, wikidata=null}","[{freeform=Rua João Martins, 681D, locality=Chapecó, postcode=89803-040, region=SC, country=BR}]","place"
"113487390400744","00 00 00 00 01 c0 4a 4f 77 69 c3 e8 f8 c0 3b 16 d1 5e 2c 05 42","{minx=-52.6208317, maxx=-52.6208317, miny=-27.0891322, maxy=-27.0891322}","{common=[{value=Lar De Jesus, language=local}], official=null, alternate=null, short=null}","0","2023-12-10T00:00:00.000","[{property=, dataset=meta, recordid=113487390400744, confidence=null}]","{main=church_cathedral, alternate=[evangelical_church]}","0.9380597014925374","[http://www.lardejesus.com.br]","[https://www.facebook.com/113487390400744]",,"[+554933225263]","{names={common=[{value=Lar De Jesus, language=local}], official=null, alternate=null, short=null}, wikidata=null}","[{freeform=Avenida Fernando Machado, 1893D, locality=Chapecó, postcode=89802-112, region=SC, country=BR}]","place"
"122096959952016766","00 00 00 00 01 c0 4a 4f 44 ac d8 3a bf c0 3b 16 d3 ee 29 3d e7","{minx=-52.6192833, maxx=-52.6192833, miny=-27.0891713, maxy=-27.0891713}","{common=[{value=Contassesc Contabilidade, language=local}], official=null, alternate=null, short=null}","0","2023-12-10T00:00:00.000","[{property=, dataset=meta, recordid=122096959952016766, confidence=null}]","{main=accountant, alternate=[financial_service]}","0.5053533190578159",,"[https://www.facebook.com/122096959952016766]",,"[+554933226039]","{names={common=[{value=Contassesc Contabilidade, language=local}], official=null, alternate=null, short=null}, wikidata=null}","[{freeform=Rua Sicília, 65, locality=Chapecó, postcode=89805-020, region=SC, country=BR}]","place"
"110009438046557","00 00 00 00 01 c0 4a 4f 7b e6 2a 6b e4 c0 3b 16 7a d7 36 b3 1a","{minx=-52.6209686, maxx=-52.6209686, miny=-27.0878119, maxy=-27.0878119}","{common=[{value=Top Car, language=local}], official=null, alternate=null, short=null}","0","2023-12-10T00:00:00.000","[{property=, dataset=meta, recordid=110009438046557, confidence=null}]","{main=car_dealer, alternate=[auto_company, automotive_dealer]}","0.9380597014925374",,"[https://www.facebook.com/110009438046557]",,"[+554939811000]","{names={common=[{value=Top Car, language=local}], official=null, alternate=null, short=null}, wikidata=null}","[{freeform=Avenida Fernando Machado, 2024D, locality=Chapecó, postcode=89802-112, region=SC, country=BR}]","place"
"2054689801439791","00 00 00 00 01 c0 4a 4f 3d 07 c8 4b 5e c0 3b 16 83 e4 25 ae e6","{minx=-52.61905, maxx=-52.61905, miny=-27.08795, maxy=-27.08795}","{common=[{value=Goodyear Brasil, language=local}], official=null, alternate=null, short=null}","0","2023-12-10T00:00:00.000","[{property=, dataset=meta, recordid=2054689801439791, confidence=null}]","{main=automotive_repair, alternate=[storage_facility, automotive_parts_and_accessories]}","0.5851272015655578","[https://www.dpaschoal.com.br/]","[https://www.facebook.com/2054689801439791]",,"[+554933116000]","{names={common=[{value=Goodyear, language=local}], official=null, alternate=null, short=null}, wikidata=null}","[{freeform=Avenida Getúlio Dorneles Vargas, 1841, locality=Chapecó, postcode=89802-001, region=SC, country=BR}]","place"
"109612200970785","00 00 00 00 01 c0 4a 4f 3d 07 c8 4b 5e c0 3b 16 83 e4 25 ae e6","{minx=-52.61905, maxx=-52.61905, miny=-27.08795, maxy=-27.08795}","{common=[{value=Luna Kids, language=local}], official=null, alternate=null, short=null}","0","2023-12-10T00:00:00.000","[{property=, dataset=meta, recordid=109612200970785, confidence=null}]","{main=children's_clothing_store, alternate=null}","0.5851272015655578",,"[https://www.facebook.com/109612200970785]",,"[+5549991264957]","{names={common=[{value=Luna Kids, language=local}], official=null, alternate=null, short=null}, wikidata=null}","[{freeform=Avenida Getúlio Dorneles Vargas, locality=Chapecó, postcode=89.805-000, region=SC, country=BR}]","place"
"103032901902366","00 00 00 00 01 c0 4a 4e f9 53 3d 94 b6 c0 3b 17 3b bb 97 f1 23","{minx=-52.6169838, maxx=-52.6169838, miny=-27.0907552, maxy=-27.0907552}","{common=[{value=Engenharia do Corpo Chapecó, language=local}], official=null, alternate=null, short=null}","0","2023-12-10T00:00:00.000","[{property=, dataset=meta, recordid=103032901902366, confidence=null}]","{main=gym, alternate=null}","0.9380597014925374","[https://www.engenhariadocorpo.com.br/]","[https://www.facebook.com/103032901902366]",,"[+554999669787]","{names={common=[{value=Engenharia Do Corpo, language=local}], official=null, alternate=null, short=null}, wikidata=null}","[{freeform=Rua Paulo Marques, 114, locality=Chapecó, postcode=89803-010, region=SC, country=BR}]","place"
"111147240432708","00 00 00 00 01 c0 4a 4e e2 3f fb 98 92 c0 3b 16 ec 00 6e ba c9","{minx=-52.6162796, maxx=-52.6162796, miny=-27.0895386, maxy=-27.0895386}","{common=[{value=Fascino Homeware, language=local}], official=null, alternate=null, short=null}","0","2023-12-10T00:00:00.000","[{property=, dataset=meta, recordid=111147240432708, confidence=null}]","{main=retail, alternate=null}","0.8240165631469979",,"[https://www.facebook.com/111147240432708]",,"[+554933302700]","{names={common=[{value=Fascino Homeware, language=local}], official=null, alternate=null, short=null}, wikidata=null}","[{freeform=Avenida Nereu Ramos, 1710E, locality=Chapecó, postcode=89805-100, region=SC, country=BR}]","place"
"100610601725728","00 00 00 00 01 c0 4a 4e d8 9b 37 28 8b c0 3b 17 78 17 68 d2 51","{minx=-52.6159853, maxx=-52.6159853, miny=-27.0916762, maxy=-27.0916762}","{common=[{value=Bicudo Lanches, language=local}], official=null, alternate=null, short=null}","0","2023-12-10T00:00:00.000","[{property=, dataset=meta, recordid=100610601725728, confidence=null}]","{main=fast_food_restaurant, alternate=[cafetaria, cafe]}","0.9380597014925374",,"[https://www.facebook.com/100610601725728]",,"[+5549998343971]","{names={common=[{value=Bicudo Lanches, language=local}], official=null, alternate=null, short=null}, wikidata=null}","[{freeform=Avenida Nereu Ramos, 1441E, locality=Chapecó, postcode=89801-021, region=SC, country=BR}]","place"
"167969953637587","00 00 00 00 01 c0 4a 4e b0 c8 8a 47 ed c0 3b 17 18 a8 6d 71 f3","{minx=-52.61477, maxx=-52.61477, miny=-27.09022, maxy=-27.09022}","{common=[{value=Pirelli, language=local}], official=null, alternate=null, short=null}","0","2023-12-10T00:00:00.000","[{property=, dataset=meta, recordid=167969953637587, confidence=null}]","{main=automotive_parts_and_accessories, alternate=[automotive, tire_dealer_and_repair]}","0.5780346820809249","[http://www.pirelli.com/tyres/pt-br/index]","[https://www.facebook.com/167969953637587]",,"[+554933220019]","{names={common=[{value=Pirelli, language=local}], official=null, alternate=null, short=null}, wikidata=null}","[{freeform=RUA PAULO MARQUES E 279, locality=Chapecó, postcode=89803056, region=SC, country=BR}]","place"
"107965618410701","00 00 00 00 01 c0 4a 4f 34 d6 a1 61 e5 c0 3b 16 d5 cf aa cd 9f","{minx=-52.6188, maxx=-52.6188, miny=-27.0892, maxy=-27.0892}","{common=[{value=The Waffle King, language=local}], official=null, alternate=null, short=null}","0","2023-12-10T00:00:00.000","[{property=, dataset=meta, recordid=107965618410701, confidence=null}]","{main=fast_food_restaurant, alternate=[professional_services]}","0.7309875141884222",,"[https://www.facebook.com/107965618410701]",,"[+5549991215183]","{names={common=[{value=The Waffle King, language=local}], official=null, alternate=null, short=null}, wikidata=null}","[{freeform=Avenida Getúlio Dorneles Vargas, 1801, locality=Chapecó, postcode=89802-001, region=SC, country=BR}]","place"
"281725999273868","00 00 00 00 01 c0 4a 4f 35 32 e7 b3 d9 c0 3b 16 bb ec aa b8 a6","{minx=-52.618811, maxx=-52.618811, miny=-27.088805, maxy=-27.088805}","{common=[{value=DPaschoal, language=local}], official=null, alternate=null, short=null}","0","2023-12-10T00:00:00.000","[{property=, dataset=meta, recordid=281725999273868, confidence=null}]","{main=automotive_repair, alternate=[tire_dealer_and_repair, automotive_dealer]}","0.9380597014925374",,"[https://www.facebook.com/281725999273868]",,"[+554933116000]","{names={common=[{value=DPaschoal, language=local}], official=null, alternate=null, short=null}, wikidata=null}","[{freeform=Avenida Getúlio Dorneles Vargas, 1841, locality=Chapecó, postcode=89802-001, region=SC, country=BR}]","place"
"2383716588357357","00 00 00 00 01 c0 4a 4f 2a 4c 03 e4 91 c0 3b 16 b8 26 4c 9a e3","{minx=-52.6184783, maxx=-52.6184783, miny=-27.0887474, maxy=-27.0887474}","{common=[{value=CAOA Chery, language=local}], official=null, alternate=null, short=null}","0","2023-12-10T00:00:00.000","[{property=, dataset=meta, recordid=2383716588357357, confidence=null}]","{main=motorcycle_dealer, alternate=[automotive_dealer, cafe]}","0.7309875141884222",,"[https://www.facebook.com/2383716588357357]",,"[+554933237500]","{names={common=[{value=CAOA Chery, language=local}], official=null, alternate=null, short=null}, wikidata=null}","[{freeform=Rua Sicília, 1D, locality=Chapecó, postcode=89805-020, region=SC, country=BR}]","place"
"716490725375164","00 00 00 00 01 c0 4a 4f 1b 1c bb f8 69 c0 3b 16 aa f6 b9 2f 61","{minx=-52.6180149, maxx=-52.6180149, miny=-27.0885462, maxy=-27.0885462}","{common=[{value=Citroën, language=local}], official=null, alternate=null, short=null}","0","2023-12-10T00:00:00.000","[{property=, dataset=meta, recordid=716490725375164, confidence=null}]","{main=car_dealer, alternate=[auto_manufacturers_and_distributors]}","0.5780346820809249","[https://www.citroen.com.br/home-page.html]","[https://www.facebook.com/716490725375164]",,"[+554933219090]","{names={common=[{value=Citroën, language=local}], official=null, alternate=null, short=null}, wikidata=null}","[{freeform=Rua Sicília, 73D, locality=Chapecó, postcode=89805-020, region=SC, country=BR}]","place"
"106385378753774","00 00 00 00 01 c0 4a 4f 10 35 d8 29 21 c0 3b 16 9b bd 60 48 3f","{minx=-52.6176822, maxx=-52.6176822, miny=-27.0883139, maxy=-27.0883139}","{common=[{value=Nanda Cabelos E Cia, language=local}], official=null, alternate=null, short=null}","0","2023-12-10T00:00:00.000","[{property=, dataset=meta, recordid=106385378753774, confidence=null}]","{main=beauty_salon, alternate=null}","0.9380597014925374","[http://www.nandacabelo.com.br]","[https://www.facebook.com/106385378753774]",,"[+5549991975006]","{names={common=[{value=Nanda Cabelos E Cia, language=local}], official=null, alternate=null, short=null}, wikidata=null}","[{freeform=Rua Esparta, 46E, locality=Chapecó, postcode=89805-025, region=SC, country=BR}]","place"
"104372605659261","00 00 00 00 01 c0 4a 4e eb c4 08 d8 ed c0 3b 16 ca ab 8a 5c e6","{minx=-52.61657, maxx=-52.61657, miny=-27.08903, maxy=-27.08903}","{common=[{value=Force One Academia, language=local}], official=null, alternate=null, short=null}","0","2023-12-10T00:00:00.000","[{property=, dataset=meta, recordid=104372605659261, confidence=null}]","{main=gym, alternate=null}","0.7309875141884222",,"[https://www.facebook.com/104372605659261]",,"[+5549991459525]","{names={common=[{value=Force One Academia, language=local}], official=null, alternate=null, short=null}, wikidata=null}","[{freeform=Avenida Nereu Ramos, 538, locality=Chapecó, postcode=89805-100, region=SC, country=BR}]","place"
"101933097865592","00 00 00 00 01 c0 4a 4f 17 f9 1b 09 71 c0 3b 16 76 45 d7 7a a6","{minx=-52.6179191, maxx=-52.6179191, miny=-27.0877422, maxy=-27.0877422}","{common=[{value=GCA Empreendimentos, language=local}], official=null, alternate=null, short=null}","0","2023-12-10T00:00:00.000","[{property=, dataset=meta, recordid=101933097865592, confidence=null}]","{main=real_estate, alternate=[engineering_services, home_developer]}","0.7309875141884222",,"[https://www.facebook.com/101933097865592]",,"[+554933243161]","{names={common=[{value=GCA Empreendimentos, language=local}], official=null, alternate=null, short=null}, wikidata=null}","[{freeform=Rua Esparta, 155E, locality=Chapecó, postcode=89805-025, region=SC, country=BR}]","place"
"100366638269474","00 00 00 00 01 c0 4a 4f b8 4d b9 c7 37 c0 3b 15 91 9a c7 97 03","{minx=-52.622812, maxx=-52.622812, miny=-27.084253, maxy=-27.084253}","{common=[{value=Honda Automóveis, language=local}], official=null, alternate=null, short=null}","0","2023-12-10T00:00:00.000","[{property=, dataset=meta, recordid=100366638269474, confidence=null}]","{main=automotive_dealer, alternate=[car_dealer]}","0.9380597014925374",,"[https://www.facebook.com/100366638269474]",,"[+554933614300]","{names={common=[{value=Honda Automóveis, language=local}], official=null, alternate=null, short=null}, wikidata=null}","[{freeform=Avenida Fernando Machado, 2405D, locality=Chapecó, postcode=89803-001, region=SC, country=BR}]","place"
"107301654409726","00 00 00 00 01 c0 4a 4f c7 95 55 67 3b c0 3b 15 2e 60 65 9b 65","{minx=-52.6232783, maxx=-52.6232783, miny=-27.0827389, maxy=-27.0827389}","{common=[{value=Rech Tratores, language=local}], official=null, alternate=null, short=null}","0","2023-12-10T00:00:00.000","[{property=, dataset=meta, recordid=107301654409726, confidence=null}]","{main=industrial_equipment, alternate=[automotive_parts_and_accessories, machine_shop]}","0.8240165631469979",,"[https://www.facebook.com/107301654409726]",,"[+554930254343]","{names={common=[{value=Rech, language=local}], official=null, alternate=null, short=null}, wikidata=null}","[{freeform=Avenida Fernando Machado, 2599D, locality=Chapecó, postcode=89804-040, region=SC, country=BR}]","place"
"1055005607925127","00 00 00 00 01 c0 4a 4f a9 77 5d 2e af c0 3b 15 49 8c 3b 0c 46","{minx=-52.6223592, maxx=-52.6223592, miny=-27.0831535, maxy=-27.0831535}","{common=[{value=O Boticário, language=local}], official=null, alternate=null, short=null}","0","2023-12-10T00:00:00.000","[{property=, dataset=meta, recordid=1055005607925127, confidence=null}]","{main=cosmetic_and_beauty_supplies, alternate=[bar]}","0.5780346820809249","[http://www.boticario.com.br]","[https://www.facebook.com/1055005607925127]",,"[+554933285389]","{names={common=[{value=O Boticário, language=local}], official=null, alternate=null, short=null}, wikidata=null}","[{freeform=Avenida Fernando Machado, 2580, locality=Chapecó, postcode=89803-001, region=SC, country=BR}]","place"
"2069652329970609","00 00 00 00 01 c0 4a 4f bf c6 54 0c c8 c0 3b 15 24 9e 44 fa 05","{minx=-52.62304, maxx=-52.62304, miny=-27.08259, maxy=-27.08259}","{common=[{value=AG Pneus, language=local}], official=null, alternate=null, short=null}","0","2023-12-10T00:00:00.000","[{property=, dataset=meta, recordid=2069652329970609, confidence=null}, {property=/properties/existence, dataset=meta, recordid=2131544587073921, confidence=null}]","{main=tire_dealer_and_repair, alternate=[auto_company, automotive_repair]}","0.9380597014925374",,"[https://www.facebook.com/2069652329970609]",,"[+554933232435]","{names={common=[{value=AG Pneus, language=local}], official=null, alternate=null, short=null}, wikidata=null}","[{freeform=Avenida Fernando Machado, 2148, locality=Chapecó, postcode=89803-001, region=SC, country=BR}]","place"
"102287029552119","00 00 00 00 01 c0 4a 4f 69 e1 45 29 d6 c0 3b 15 72 7e a2 9d 4e","{minx=-52.6204187, maxx=-52.6204187, miny=-27.0837783, maxy=-27.0837783}","{common=[{value=Flamingo Casa, language=local}], official=null, alternate=null, short=null}","0","2023-12-10T00:00:00.000","[{property=, dataset=meta, recordid=102287029552119, confidence=null}]","{main=shopping, alternate=null}","0.4800796812749004",,"[https://www.facebook.com/102287029552119]",,"[+554930260944]","{names={common=[{value=Flamingo Casa, language=local}], official=null, alternate=null, short=null}, wikidata=null}","[{freeform=Avenida Getúlio Dorneles Vargas, 2479N, locality=Chapecó, postcode=89805-001, region=SC, country=BR}]","place"
"104762367784132","00 00 00 00 01 c0 4a 4f 68 48 be b5 b3 c0 3b 15 4b 48 d3 ae 68","{minx=-52.62037, maxx=-52.62037, miny=-27.08318, maxy=-27.08318}","{common=[{value=SuzukiBR, language=local}], official=null, alternate=null, short=null}","0","2023-12-10T00:00:00.000","[{property=, dataset=meta, recordid=104762367784132, confidence=null}]","{main=car_dealer, alternate=[automotive_dealer]}","0.5851272015655578",,"[https://www.facebook.com/104762367784132]",,"[+554933190000]","{names={common=[{value=SuzukiBR, language=local}], official=null, alternate=null, short=null}, wikidata=null}","[{freeform=Avenida Getúlio Dorneles Vargas, 2520, locality=Chapecó, postcode=89805-001, region=SC, country=BR}]","place"
"110526870404637","00 00 00 00 01 c0 4a 4f 64 a8 f7 04 af c0 3b 15 3a bf ef 6e b8","{minx=-52.6202594, maxx=-52.6202594, miny=-27.0829277, maxy=-27.0829277}","{common=[{value=Mitsubishi Motors Brasil, language=local}], official=null, alternate=null, short=null}","0","2023-12-10T00:00:00.000","[{property=, dataset=meta, recordid=110526870404637, confidence=null}]","{main=car_dealer, alternate=[automotive, financial_service]}","0.9380597014925374","[http://thenewmotors.com.br]","[https://www.facebook.com/110526870404637]",,"[+554933190000]","{names={common=[{value=Mitsubishi Motors Brasil, language=local}], official=null, alternate=null, short=null}, wikidata=null}","[{freeform=Avenida Getúlio Dorneles Vargas, 2520, locality=Chapecó, postcode=89805-001, region=SC, country=BR}]","place"
"179788219591808","00 00 00 00 01 c0 4a 4f 13 1e c0 b5 67 c0 3b 15 7d f1 9d 66 ae","{minx=-52.617771, maxx=-52.617771, miny=-27.083953, maxy=-27.083953}","{common=[{value=Lojas Quero-Quero, language=local}], official=null, alternate=null, short=null}","0","2023-12-10T00:00:00.000","[{property=, dataset=meta, recordid=179788219591808, confidence=null}]","{main=furniture_store, alternate=[building_supply_store, construction_services]}","0.9380597014925374","[https://lojas.queroquero.com.br/unidade/lojas-quero-quero-chapeco-nereu-ramos/]","[https://www.facebook.com/179788219591808]",,"[+554933304450]","{names={common=[{value=Lojas Quero-Quero, language=local}], official=null, alternate=null, short=null}, wikidata=null}","[{freeform=Avenida Nereu Ramos, 125, locality=Chapecó, postcode=89805-102, region=SC, country=BR}]","place"
"107699984324352","00 00 00 00 01 c0 4a 4e 22 0c 9a 42 36 c0 3b 17 16 c0 35 e5 95","{minx=-52.6104141, maxx=-52.6104141, miny=-27.0901909, maxy=-27.0901909}","{common=[{value=Farmácias São João, language=local}], official=null, alternate=null, short=null}","0","2023-12-10T00:00:00.000","[{property=, dataset=meta, recordid=107699984324352, confidence=null}, {property=/properties/existence, dataset=meta, recordid=482626715171489, confidence=null}]","{main=pharmacy, alternate=[beauty_and_spa]}","0.9380597014925374","[https://www.saojoaofarmacias.com.br/]","[https://www.facebook.com/107699984324352]",,"[+554933281066]","{names={common=[{value=Farmácias São João, language=local}], official=null, alternate=null, short=null}, wikidata=null}","[{freeform=Rua Borges de Medeiros, 1959E, locality=Chapecó, postcode=89805-570, region=SC, country=BR}]","place"
"1736505736600492","00 00 00 00 01 c0 4a 4e 4c 2f 83 7b 4a c0 3b 15 c2 8f 5c 28 f6","{minx=-52.6117, maxx=-52.6117, miny=-27.085, maxy=-27.085}","{common=[{value=Coca-Cola, language=local}], official=null, alternate=null, short=null}","0","2023-12-10T00:00:00.000","[{property=, dataset=meta, recordid=1736505736600492, confidence=null}]","{main=grocery_store, alternate=[eat_and_drink, health_food_store]}","0.5780346820809249",,"[https://www.facebook.com/1736505736600492]",,"[+558000212196]","{names={common=[{value=Coca-Cola, language=local}], official=null, alternate=null, short=null}, wikidata=null}","[{freeform=Rua Borges de Medeiros, 2002, locality=Chapecó, postcode=89805-570, region=SC, country=BR}]","place"
"1343441745666564","00 00 00 00 01 c0 4a 4e 44 36 90 b5 c5 c0 3b 15 d5 95 c9 2a 81","{minx=-52.6114567, maxx=-52.6114567, miny=-27.0852903, maxy=-27.0852903}","{common=[{value=Ipiranga, language=local}], official=null, alternate=null, short=null}","0","2023-12-10T00:00:00.000","[{property=, dataset=meta, recordid=1343441745666564, confidence=null}]","{main=commercial_industrial, alternate=[gas_station, topic_concert_venue]}","0.4800796812749004","[http://www.ipiranga.com.br]","[https://www.facebook.com/1343441745666564]",,"[+551130033451]","{names={common=[{value=Ipiranga, language=local}], official=null, alternate=null, short=null}, wikidata=null}","[{freeform=Rua Borges de Medeiros, 2040E, locality=Chapecó, postcode=89805-570, region=SC, country=BR}]","place"
"2982472315127104","00 00 00 00 01 c0 4a 4e 66 b1 e5 c0 ba c0 3b 15 59 0c 0a d0 3e","{minx=-52.612509, maxx=-52.612509, miny=-27.08339, maxy=-27.08339}","{common=[{value=Lojas Berlanda, language=local}], official=null, alternate=null, short=null}","0","2023-12-10T00:00:00.000","[{property=, dataset=meta, recordid=2982472315127104, confidence=null}, {property=/properties/existence, dataset=msft, recordid=562949961463645, confidence=null}]","{main=furniture_store, alternate=[electronics, retail]}","0.9857537313432836","[https://lojas.grupoberlanda.com.br/berlanda-passo-dos-fortes-chapeco-sc]","[https://www.facebook.com/2982472315127104]",,"[+554932454827]","{names={common=[{value=Lojas Berlanda, language=local}], official=null, alternate=null, short=null}, wikidata=null}","[{freeform=Rua Borges de Medeiros, 2251, locality=Chapecó, postcode=89805-570, region=SC, country=BR}]","place"
"113186030045923","00 00 00 00 01 c0 4a 4e 5e 2a 57 c2 5f c0 3b 15 6a 5a e7 ad 23","{minx=-52.6122487, maxx=-52.6122487, miny=-27.0836541, maxy=-27.0836541}","{common=[{value=Farmácias São Rafael, language=local}], official=null, alternate=null, short=null}","0","2023-12-10T00:00:00.000","[{property=, dataset=meta, recordid=113186030045923, confidence=null}]","{main=pharmacy, alternate=[vitamins_and_supplements]}","0.9380597014925374",,"[https://www.facebook.com/113186030045923]",,"[+554933286231]","{names={common=[{value=Farmácias São Rafael, language=local}], official=null, alternate=null, short=null}, wikidata=null}","[{freeform=Rua Borges de Medeiros, 2240E, locality=Chapecó, postcode=89805-570, region=SC, country=BR}]","place"
"802135029922862","00 00 00 00 01 c0 4a 4d 31 54 35 e2 3a c0 3b 15 fb a2 a3 2d 97","{minx=-52.6030679, maxx=-52.6030679, miny=-27.0858709, maxy=-27.0858709}","{common=[{value=Cantu Pneus, language=local}], official=null, alternate=null, short=null}","0","2023-12-10T00:00:00.000","[{property=, dataset=meta, recordid=802135029922862, confidence=null}]","{main=automotive_parts_and_accessories, alternate=[tire_dealer_and_repair, food_beverage_service_distribution]}","0.8240165631469979","[http://www.cantupneus.com.br/c/filialsc]","[https://www.facebook.com/802135029922862]",,"[+554933230885]","{names={common=[{value=CantuPneus, language=local}], official=null, alternate=null, short=null}, wikidata=null}","[{freeform=Rua Major José Luiz Maia, 390, locality=Chapecó, postcode=89805-710, region=SC, country=BR}]","place"